Time,Speed,RPM,Throttle,nGear,Brake,DRS,LapNumber,CumulativeTime_s,OilTemp,CoolantTemp
0.281,0,8886,21,1,False,1,1,0,105.069650169748,90.0332939189713
0.561,0,7346,20,1,False,1,1,0.28,102.23961652315,90.0223876088629
0.721,6,6226,20,1,False,1,1,0.44,101.116246364708,90.0087370380869
1.041,21,3986,20,1,False,1,1,0.76,101.395174571588,90.0004046808404
1.321,28,3978,21,1,False,1,1,1.04,102.10459965638,89.9926849071206
1.521,34,4323,27,1,False,1,1,1.24,104.668816371131,89.9880854316915
1.841,48,5703,35,1,False,1,1,1.56,103.731154750375,89.9806356483507
2.161,58,7075,44,1,False,1,1,1.88,104.4994631658,89.9733871764393
2.361,62,7985,49,1,False,1,1,2.08,101.352109269259,89.9676827515419
2.521,69,9020,51,1,False,1,1,2.24,103.592992059728,89.9632046524888
2.881,77,10331,61,1,False,1,1,2.6,102.23094933942,89.9548162277228
3.121,94,11709,68,1,False,1,1,2.84,103.992462288607,89.9535483093128
3.401,107,12195,74,1,False,1,1,3.12,103.344439419218,89.9537865087827
3.722,119,11180,85,2,False,1,1,3.441,103.64042003432,89.9560113487785
3.962,129,12015,98,2,False,1,1,3.681,104.134460092425,89.959851865825
4.242,149,11183,100,2,False,1,1,3.961,102.651619776811,89.9585374130357
4.442,159,11906,100,3,False,1,1,4.161,103.195353313316,89.9579964149266
4.641,167,12418,100,3,False,1,1,4.36,103.211062831316,89.9593591254518
4.801,171,11298,100,3,False,1,1,4.52,101.198806567335,89.9601742398076
5.001,175,11499,100,4,False,1,1,4.72,104.154116190129,89.9576497982068
5.321,190,12087,100,4,False,1,1,5.04,102.373840616957,89.9583536153827
5.561,199,10951,100,5,False,1,1,5.28,100.540619457981,89.9646845337059
5.761,206,11272,100,5,False,1,1,5.48,102.069349972338,89.9667660049152
6.001,211,11604,100,5,False,1,1,5.72,101.405145303042,89.9735968827268
6.401,221,11836,100,5,False,1,1,6.12,104.799453436115,89.9758807197279
6.601,226,10555,100,6,False,1,1,6.32,100.713575293505,89.9815142666852
6.921,232,11063,100,6,False,1,1,6.64,104.456980937735,89.9832777981731
7.121,236,11210,100,6,False,1,1,6.84,101.347431397239,89.9931790412274
7.281,239,11293,100,6,False,1,1,7,101.261421794493,89.9959238186204
7.561,243,11407,100,6,False,1,1,7.28,101.975495004347,90.0001379120712
7.761,236,10797,0,6,True,1,1,7.48,100.100083555699,90.0080082396368
8.001,226,10806,0,6,True,1,1,7.72,100.097058932735,90.0139272420861
8.241,204,10686,0,6,True,1,1,7.96,100.094167503403,90.0250608790267
8.401,195,10908,0,5,True,1,1,8.12,100.093479575343,90.0301900333883
8.681,172,10430,0,5,True,1,1,8.4,100.091860660347,90.0355071935738
9.081,146,10026,0,3,True,1,1,8.8,100.089746677108,90.0371771429614
9.481,126,8795,0,3,True,1,1,9.2,100.088460880979,90.036258491358
9.641,120,8228,0,3,True,1,1,9.36,100.087324018278,90.0427661577543
9.961,114,8079,6,3,True,1,1,9.68,102.684077978047,90.0498114339271
10.282,109,7928,11,3,False,1,1,10.001,101.216801021916,90.0511012481996
10.482,108,8020,24,3,False,1,1,10.201,102.335168829385,90.0540316582992
10.642,108,7948,29,3,False,1,1,10.361,103.242018895993,90.0576138824822
10.962,109,7897,19,3,False,1,1,10.681,101.603817151655,90.0620665290043
11.281,109,8315,42,3,False,1,1,11,101.892325745707,90.0638395701403
11.441,110,8250,48,3,False,1,1,11.16,100.580238527178,90.0661191895783
11.641,115,8835,55,3,False,1,1,11.36,102.111977461029,90.0670538634201
11.961,124,9570,65,3,False,1,1,11.68,102.392157044112,90.0652276419603
12.201,128,10225,54,3,False,1,1,11.92,102.905131972123,90.0647720848632
12.361,136,10594,79,3,False,1,1,12.08,102.238289689336,90.061552770663
12.681,143,11803,87,3,False,1,1,12.4,104.98967651927,90.0557681918948
12.881,151,12419,100,3,False,1,1,12.6,104.705024987634,90.055830771815
13.241,167,11562,100,4,False,1,1,12.96,101.368789595074,90.0576553608818
13.561,179,11646,100,4,False,1,1,13.28,103.199720911559,90.0552535801316
14.041,188,10567,100,5,False,1,1,13.76,101.59007862207,90.0490967751555
14.361,209,11516,100,5,False,1,1,14.08,103.014763496522,90.0452972571836
14.561,215,11683,100,5,False,1,1,14.28,102.578427388691,90.0428032059983
14.841,224,11283,100,5,False,1,1,14.56,100.643787729199,90.0377511053347
15.081,226,10960,100,5,False,1,1,14.8,104.724618176941,90.0280602019024
15.281,234,11196,100,6,False,1,1,15,102.853767525765,90.0260113299868
15.521,239,11416,100,6,False,1,1,15.24,100.583256756746,90.0143249079302
15.681,241,11623,100,6,False,1,1,15.4,104.678271525506,90.006918386516
15.841,248,11704,100,6,False,1,1,15.56,100.423237089388,90.0002256451789
16.081,250,11990,100,6,False,1,1,15.8,100.586495119462,89.9942181561909
16.281,257,11010,100,6,False,1,1,16,103.958392599421,89.9872742710275
16.521,260,10752,100,7,False,1,1,16.24,101.462405655048,89.9748372876451
16.962,270,11108,100,7,False,1,1,16.681,101.113392648178,89.9652717427035
17.362,275,11283,100,7,False,1,1,17.081,102.567754828254,89.9567135339243
17.642,279,11484,100,7,False,1,1,17.361,100.27094738935,89.9455748215864
17.922,282,11646,100,7,False,1,1,17.641,103.912027479339,89.9368328705866
18.121,284,11683,100,7,False,1,1,17.84,100.347810614326,89.925690647509
18.281,287,11827,100,7,False,1,1,18,104.021993535848,89.9165314205483
18.601,290,11731,100,7,False,1,1,18.32,100.341046903823,89.907613367711
19.001,294,10570,100,8,False,1,1,18.72,101.686009406738,89.9002174003251
19.161,294,10582,100,8,False,1,1,18.88,102.343501772472,89.8956990406885
19.441,299,10582,100,8,False,1,1,19.16,101.823418069871,89.8924478949287
20.601,308,11016,100,8,False,1,1,20.32,100.744214610213,89.8846563760343
20.881,310,11059,100,8,False,1,1,20.6,101.891365856612,89.8806776274856
21.121,309,11046,100,8,False,1,1,20.84,100.636152842584,89.8724996172034
21.361,310,11103,100,8,False,1,1,21.08,100.962459185744,89.8708625412519
21.721,311,11078,100,8,False,1,1,21.44,103.89971613314,89.8735792814342
22.121,311,11095,100,8,False,1,1,21.84,103.844093523001,89.8703362077768
22.321,312,11095,100,8,False,1,1,22.04,102.493387243129,89.8674853454988
22.561,312,11095,100,8,False,1,1,22.28,103.516410308872,89.8726677226943
22.881,312,11095,100,8,False,1,1,22.6,102.280953775728,89.875557213187
23.041,312,11171,100,8,False,1,1,22.76,104.518976116609,89.8791402768233
23.281,259,10712,0,8,True,1,1,23,99.8799344677706,89.8852962241728
23.562,233,10555,0,7,True,1,1,23.281,99.8745303862092,89.8924488148071
23.802,225,11485,0,7,True,1,1,23.521,99.8703101277892,89.8944173559815
23.962,196,10925,0,5,True,1,1,23.681,99.8673727594616,89.9035911751717
24.242,196,10861,0,5,True,1,1,23.961,99.8658810268906,89.9083222295531
24.482,196,10861,0,4,True,1,1,24.201,99.8642948903474,89.9179856474541
24.881,196,11245,0,4,True,1,1,24.6,99.8620027784514,89.9330987080485
25.201,196,10965,0,3,True,1,1,24.92,99.8588478690821,89.9395520148825
25.361,196,10010,0,3,True,1,1,25.08,99.8549696811098,89.9481942153271
25.601,196,10010,0,3,True,1,1,25.32,99.8502976132642,89.9544388493599
25.841,88,10010,0,3,True,1,1,25.56,99.8448188345538,89.9620904235181
26.081,88,10010,0,3,True,1,1,25.8,99.8396181892837,89.9699433387598
26.241,88,10010,0,3,True,1,1,25.96,99.8352477261412,89.981842328768
26.561,88,8890,0,3,True,1,1,26.28,99.8299671727326,89.993400083521
26.841,54,6930,0,3,True,1,1,26.56,99.8256711726482,90.0039219277926
27.001,54,5810,0,3,True,1,1,26.72,99.8218257529775,90.0101900342159
27.241,54,4281,0,3,True,1,1,26.96,99.8178253567369,90.0184036206381
27.521,29,4281,0,3,False,1,1,27.24,99.8133787147475,90.0296380885339
27.681,29,4281,0,2,False,1,1,27.4,99.8081214642138,90.0371845587937
27.841,29,4421,0,2,False,1,1,27.56,99.8029907817666,90.044852478255
28.201,29,5068,0,2,False,1,1,27.92,99.7987365510601,90.0495703389847
28.361,29,5068,0,1,False,1,1,28.08,99.7944175970975,90.0552521160683
28.681,24,5068,0,1,False,1,1,28.4,99.78855230592,90.0650008253705
28.881,21,4648,0,1,False,1,1,28.6,99.7834412602012,90.0706837056472
29.161,21,4234,0,1,False,1,1,28.88,99.7792080372317,90.0767635924575
29.321,21,4234,0,1,False,1,1,29.04,99.776663435453,90.0811353292842
29.641,16,4389,0,1,False,1,1,29.36,99.7760131399377,90.0807206554195
29.922,12,3965,0,1,False,1,1,29.641,99.7749686247486,90.0813506229501
30.242,11,4281,0,0,False,1,1,29.961,99.7736308711777,90.0824837539499
30.402,10,4312,0,0,False,1,1,30.121,99.772203462884,90.0793684884346
30.642,9,4291,0,0,False,1,1,30.361,99.7711703479063,90.0796819884678
30.842,5,4313,0,0,False,1,1,30.561,99.7727271823607,90.0772493406336
31.002,5,4398,0,0,False,1,1,30.721,99.7745495367937,90.0767687779913
31.162,4,4353,0,0,False,1,1,30.881,99.7774198940692,90.0735534684051
31.402,2,4332,0,0,False,1,1,31.121,99.781373627116,90.0721479544659
31.641,2,3802,0,0,False,1,1,31.36,99.7847334424037,90.0691968753717
32.041,0,3731,0,0,True,1,1,31.76,99.7863703837561,90.0610132383403
32.281,0,3916,0,0,True,1,1,32,99.7868755671976,90.0595056807899
32.441,0,3855,0,0,True,1,1,32.16,99.7865567373187,90.0480269480633
32.601,0,3982,0,0,True,1,1,32.32,99.7883189701505,90.0402904055662
32.881,0,3942,0,0,True,1,1,32.6,99.7897149071616,90.0303013806621
33.161,0,3910,0,0,True,1,1,32.88,99.7926163070707,90.0239067328526
33.401,0,4104,0,0,True,1,1,33.12,99.7955474220887,90.0128557587931
33.761,0,4096,0,0,True,1,1,33.48,99.7982617716446,90.0041779360049
34.041,0,3496,0,0,True,1,1,33.76,99.7996625070772,89.9929018226579
34.361,0,1491,0,0,True,1,1,34.08,99.7991035482872,89.980618672302
34.801,0,0,0,0,True,1,1,34.52,99.7975378229162,89.9685534908046
34.961,0,0,0,0,True,1,1,34.68,99.7960344103783,89.9576322066059
35.401,0,0,0,0,True,1,1,35.12,99.7942155594965,89.9491030256149
35.561,0,0,0,0,True,1,1,35.28,99.7926584138584,89.9432597190839
35.881,0,0,0,0,True,1,1,35.6,99.7908156948854,89.9372234614727
36.201,0,0,0,0,True,1,1,35.92,99.7883594196338,89.9346195876886
36.522,0,0,0,0,True,1,1,36.241,99.7845970680725,89.9269869603219
36.882,0,0,0,0,True,1,1,36.601,99.7804589142627,89.9179514326386
37.122,0,0,0,0,True,1,1,36.841,99.7781443133556,89.9137637118779
37.282,0,0,0,0,True,1,1,37.001,99.7752065482515,89.9120063618734
37.482,0,0,0,0,True,1,1,37.201,99.7734543923726,89.9058048922054
37.682,0,0,0,0,True,1,1,37.401,99.7727799144632,89.9018241791407
38.122,0,0,0,0,True,1,1,37.841,99.7718512916293,89.9024192252175
38.521,0,0,0,0,True,1,1,38.24,99.7721803407761,89.8991644611422
38.681,0,0,0,0,True,1,1,38.4,99.7732550556203,89.8980663606701
39.001,0,0,0,0,True,1,1,38.72,99.7733685802374,89.9018111030282
39.201,0,0,0,0,True,1,1,38.92,99.7734727687057,89.9083143617954
39.521,0,0,0,0,True,1,1,39.24,99.7757384869818,89.9157813347289
39.841,0,0,0,0,True,1,1,39.56,99.7744802594015,89.9191915389985
40.081,0,0,0,0,True,1,1,39.8,99.7709566159146,89.9211504013827
40.241,0,0,0,0,True,1,1,39.96,99.7673691615677,89.9225462200817
40.561,0,0,0,0,True,1,1,40.28,99.7647645271962,89.9268551487604
40.841,0,0,0,0,True,1,1,40.56,99.7648921871431,89.9311659018652
41.081,0,0,0,0,True,1,1,40.8,99.766421139109,89.935748341834
41.281,0,0,0,0,True,1,1,41,99.7685727620873,89.9408900233821
41.481,0,0,0,0,True,1,1,41.2,99.7706310149466,89.9487507334189
41.721,0,0,0,0,True,1,1,41.44,99.7731974658704,89.9613591031547
41.961,0,0,0,0,True,1,1,41.68,99.7752063088953,89.9682689641641
42.201,0,0,0,0,True,1,1,41.92,99.7765914464509,89.9795553402416
42.601,0,0,0,0,True,1,1,42.32,99.7773721070556,89.9871492683667
42.881,0,0,0,0,True,1,1,42.6,99.7797548690004,89.9959091463064
43.082,0,0,0,0,True,1,1,42.801,99.7820102431044,90.0053671514275
43.282,0,0,0,0,True,1,1,43.001,99.7833322743118,90.0132601922415
43.442,0,0,0,0,True,1,1,43.161,99.78346326775,90.0234847069687
43.882,0,0,0,0,True,1,1,43.601,99.7844956768048,90.0325864330785
44.242,0,0,0,0,True,1,1,43.961,99.7863061582678,90.040509590307
44.402,0,0,0,0,True,1,1,44.121,99.7882926910584,90.0485800109966
44.642,0,0,0,0,True,1,1,44.361,99.7896133932448,90.057906252774
44.922,0,0,0,0,True,1,1,44.641,99.7904834366904,90.0663387628703
45.321,0,0,0,0,True,1,1,45.04,99.7932113049312,90.0763707531663
45.601,0,0,0,0,True,1,1,45.32,99.7961805387785,90.0835027140941
45.961,0,0,0,0,True,1,1,45.68,99.80215852626,90.0911418832628
46.201,0,0,0,0,True,1,1,45.92,99.8066298334148,90.0910074831292
46.561,0,0,0,0,True,1,1,46.28,99.8088372947595,90.0905935403909
46.801,0,0,0,0,True,1,1,46.52,99.8126363575554,90.0952176793706
47.241,0,0,0,0,True,1,1,46.96,99.8155985323151,90.0977267176552
47.601,0,0,0,0,True,1,1,47.32,99.8184611327669,90.1011288425377
47.961,0,0,0,0,True,1,1,47.68,99.8222919169135,90.1006410979176
48.401,0,0,0,0,True,1,1,48.12,99.8247989022934,90.0983107360494
48.681,0,0,0,0,True,1,1,48.4,99.8297635590769,90.0943650173274
49.041,0,0,0,0,True,1,1,48.76,99.8327770322107,90.0930217824702
49.241,0,0,0,0,True,1,1,48.96,99.8315787355717,90.084314823754
49.401,0,0,0,0,True,1,1,49.12,99.8299238933106,90.0785676022836
49.642,0,0,0,0,True,1,1,49.361,99.8279368439034,90.0723858877726
49.802,0,0,0,0,True,1,1,49.521,99.8247732625019,90.0633667043731
50.082,0,0,0,0,True,1,1,49.801,99.8201001112982,90.054440095646
50.282,0,0,0,0,True,1,1,50.001,99.8131457974296,90.0518452480163
50.642,0,0,0,0,True,1,1,50.361,99.8054015937446,90.0396661523905
50.882,0,0,0,0,True,1,1,50.601,99.7986165243287,90.0335970034188
51.162,0,0,0,0,True,1,1,50.881,99.7911146448332,90.0249501742078
51.482,0,0,0,0,True,1,1,51.201,99.7844937582976,90.0121200774808
51.762,0,0,0,0,True,1,1,51.481,99.7777861864032,90.0032771806486
52.041,0,0,0,0,True,1,1,51.76,99.7722118449406,89.9997045088598
52.241,0,0,0,0,True,1,1,51.96,99.7660450442313,89.9934049003866
52.441,0,0,0,0,True,1,1,52.16,99.7594488497196,89.98873464737
52.841,0,0,0,0,True,1,1,52.56,99.7548563283614,89.9793896497306
53.001,0,0,0,0,True,1,1,52.72,99.750844299014,89.9728626507032
53.241,0,0,0,0,True,1,1,52.96,99.7449146830638,89.965550155005
53.601,0,0,0,0,True,1,1,53.32,99.7421469903257,89.9568134221042
53.881,0,0,0,0,True,1,1,53.6,99.739566142664,89.9517057361418
54.041,0,0,0,0,True,1,1,53.76,99.7377570073481,89.9473231784816
54.241,0,0,0,0,True,1,1,53.96,99.7370735236363,89.9409817222241
54.401,0,0,0,0,True,1,1,54.12,99.7344091633794,89.9353987774846
54.561,0,0,0,0,True,1,1,54.28,99.7316460077991,89.9296603382412
54.721,0,0,0,0,True,1,1,54.44,99.7304153286128,89.9274863068469
55.041,0,0,0,0,True,1,1,54.76,99.7289117560795,89.9259396593596
55.361,0,0,104,0,True,1,1,55.08,99.8254743178831,89.9190693311172
55.641,0,0,104,0,True,1,1,55.36,103.989750034566,89.9180294014776
55.881,0,0,104,0,True,1,1,55.6,103.969183135338,89.9139175133895
56.041,0,0,104,0,True,1,1,55.76,103.136996374051,89.9157469046302
56.322,0,0,104,0,True,1,1,56.041,102.060382887781,89.916546356117
56.562,0,0,104,0,True,1,1,56.281,102.603570148039,89.9189109285447
56.922,0,0,104,0,True,1,1,56.641,100.895566337596,89.9225241271475
57.122,0,0,104,0,True,1,1,56.841,100.63982467141,89.9233199786502
57.322,0,0,104,0,True,1,1,57.041,103.17803108943,89.9300172126541
57.562,0,0,104,0,True,1,1,57.281,101.868822469202,89.9354209527332
57.762,0,0,104,0,True,1,1,57.481,103.516441941454,89.9382461921158
58.002,0,0,104,0,True,1,1,57.721,101.872332402002,89.9459582797786
58.162,0,0,104,0,True,1,1,57.881,100.868878029191,89.9547486644975
58.402,0,0,104,0,True,1,1,58.121,103.536247183625,89.963779957157
58.681,0,0,104,0,True,1,1,58.4,100.398443668228,89.9700538805257
58.961,0,0,104,0,True,1,1,58.68,101.589636556933,89.9756753690255
59.161,0,0,104,0,True,1,1,58.88,102.715379782862,89.9853471104318
59.401,0,0,104,0,True,1,1,59.12,102.31960539611,89.9967802196831
59.761,0,0,104,0,True,1,1,59.48,101.025638898035,90.0054405574867
60.281,0,0,104,0,True,1,1,60,101.109609893455,90.0120553714519
60.521,0,0,104,0,True,1,1,60.24,103.850770533387,90.0164551293983
60.841,0,0,104,0,True,1,1,60.56,103.381529780178,90.0281783893827
61.081,0,0,104,0,True,1,1,60.8,101.268555158264,90.0389849505076
61.441,0,0,104,0,True,1,1,61.16,101.171690098585,90.0488814946463
61.641,0,0,104,0,True,1,1,61.36,100.245305631839,90.0611152331616
61.841,0,0,104,0,True,1,1,61.56,103.352887001238,90.0661304577088
62.241,0,0,104,0,True,1,1,61.96,104.22697649063,90.0712067901224
62.481,0,0,104,0,True,1,1,62.2,101.692209009327,90.0741495238405
62.802,0,0,104,0,True,1,1,62.521,104.391730013148,90.0820866086419
63.122,0,0,104,0,True,1,1,62.841,103.17148563756,90.0889654043145
63.522,0,0,104,0,True,1,1,63.241,102.073544769826,90.0926037267469
63.762,0,0,104,0,True,1,1,63.481,104.003038578982,90.0925467634214
64.042,0,0,104,0,True,1,1,63.761,101.818239758166,90.100740576939
64.282,0,0,104,0,True,1,1,64.001,102.973432876736,90.0985085578675
64.522,0,0,104,0,True,1,1,64.241,102.392053435184,90.1019936920719
64.842,0,0,104,0,True,1,1,64.561,101.863486565105,90.0979382321186
65.082,0,0,104,0,True,1,1,64.801,104.787505318363,90.0904657545088
65.401,0,0,104,0,True,1,1,65.12,104.511028934615,90.0879893717475
65.801,0,0,104,0,True,1,1,65.52,104.421313062982,90.0869773725266
66.001,0,0,104,0,True,1,1,65.72,103.926447215106,90.0809381685964
67.241,0,0,104,0,True,1,1,66.96,103.17899624698,90.0731926731487
67.641,0,0,104,0,True,1,1,67.36,103.395942274428,90.0646196498894
67.961,0,0,104,0,True,1,1,67.68,100.668110638513,90.0606393470114
68.161,0,0,104,0,True,1,1,67.88,100.704269996044,90.0489959283531
68.441,0,0,104,0,True,1,1,68.16,100.607423150243,90.0391880136001
68.721,0,0,104,0,True,1,1,68.44,103.107733430925,90.0320244869288
69.041,0,0,104,0,True,1,1,68.76,102.002891433429,90.025609145509
69.442,0,0,104,0,True,1,1,69.161,102.97481478959,90.0182816907292
69.882,0,0,104,0,True,1,1,69.601,104.142001099849,90.0138902797764
70.082,0,0,104,0,True,1,1,69.801,100.492771094325,90.0067844086625
70.282,0,0,104,0,True,1,1,70.001,102.720081942806,89.9951241599152
70.762,0,0,104,0,True,1,1,70.481,100.922092787615,89.9862868509479
71.042,0,0,104,0,True,1,1,70.761,102.794808283573,89.9748730330719
71.362,0,0,104,0,True,1,1,71.081,102.689153082034,89.963505559116
71.722,0,0,104,0,True,1,1,71.441,104.363754275694,89.9524870946435
71.962,0,0,104,0,True,1,1,71.681,100.631125694631,89.9438540630947
72.161,0,0,104,0,True,1,1,71.88,103.917764171448,89.9396492035034
72.361,0,0,104,0,True,1,1,72.08,100.67063199706,89.9318229767547
72.801,0,0,104,0,True,1,1,72.52,104.219396698684,89.925512479885
73.041,0,0,104,0,True,1,1,72.76,100.209911780645,89.9218139919078
73.281,0,0,104,0,True,1,1,73,103.341962002187,89.9180364228599
73.601,0,0,104,0,True,1,1,73.32,101.62556022427,89.9106729406585
73.801,0,0,104,0,True,1,1,73.52,102.858130312083,89.9072889653668
74.241,0,0,104,0,True,1,1,73.96,101.807100555787,89.8997893816105
74.521,0,0,104,0,True,1,1,74.24,104.500990593804,89.8931053594546
74.761,0,0,104,0,True,1,1,74.48,103.427373884056,89.8937930399835
74.961,0,0,104,0,True,1,1,74.68,102.738519594635,89.8918803808143
75.121,0,0,104,0,True,1,1,74.84,101.944474163801,89.8899495860799
75.481,0,0,104,0,True,1,1,75.2,102.540626746304,89.8879208783677
75.881,0,0,104,0,True,1,1,75.6,101.77819240193,89.8855982099207
76.042,0,0,104,0,True,1,1,75.761,104.389558193092,89.8845343882602
76.482,0,0,104,0,True,1,1,76.201,104.538421432171,89.8849292973021
76.682,0,0,104,0,True,1,1,76.401,104.514793242386,89.883323433808
77.042,0,0,104,0,True,1,1,76.761,102.099206509103,89.8888244401917
77.282,0,0,104,0,True,1,1,77.001,104.07764436037,89.8894868988248
77.642,0,0,104,0,True,1,1,77.361,102.758780183366,89.8903248122998
78.002,0,0,104,0,True,1,1,77.721,100.281370370839,89.8942592541403
78.322,0,0,104,0,True,1,1,78.041,100.31582341737,89.8964280916007
78.562,0,0,104,0,True,1,1,78.281,104.268566647523,89.8994833565099
78.842,0,0,104,0,True,1,1,78.561,102.397695723566,89.9072830047305
79.001,0,0,104,0,True,1,1,78.72,100.679603549396,89.9097281189092
79.161,0,0,104,0,True,1,1,78.88,103.918916808821,89.9172255186349
79.361,0,0,104,0,True,1,1,79.08,100.973131367395,89.9209861328425
79.721,0,0,104,0,True,1,1,79.44,101.322473864745,89.9239522194417
80.001,0,0,104,0,True,1,1,79.72,100.652042261708,89.9294237694681
80.361,0,0,104,0,True,1,1,80.08,104.313330595025,89.9344465954596
80.641,0,0,104,0,True,1,1,80.36,104.490587648636,89.9356671004027
81.081,0,0,104,0,True,1,1,80.8,104.204668069802,89.9389583009514
81.441,0,0,104,0,True,1,1,81.16,100.508363009502,89.9407385398146
81.601,0,0,104,0,True,1,1,81.32,101.975641409096,89.9462999683157
81.801,0,0,104,0,True,1,1,81.52,102.298110049855,89.9491238841645
81.961,0,0,104,0,True,1,1,81.68,100.680109476878,89.9532333803427
82.281,0,0,104,0,True,1,1,82,102.951165740893,89.9572551570946
82.682,0,0,104,0,True,1,1,82.401,101.801845634238,89.9604190820059
83.122,0,0,104,0,True,1,1,82.841,102.156675487696,89.9618309707716
83.282,0,0,104,0,True,1,1,83.001,103.266826361459,89.9641162833207
83.522,0,0,104,0,True,1,1,83.241,103.301705247621,89.9670241329913
83.682,0,0,104,0,True,1,1,83.401,102.402127895196,89.9698261802152
83.842,0,0,104,0,True,1,1,83.561,103.211112586519,89.9694639337697
84.002,0,0,104,0,True,1,1,83.721,102.729501643996,89.9692374702779
84.362,0,0,104,0,True,1,1,84.081,102.228559659089,89.97099018743
84.762,0,0,104,0,True,1,1,84.481,104.801602608657,89.9688677591697
84.962,0,0,104,0,True,1,1,84.681,102.617031447368,89.9699565366226
85.402,0,0,104,0,True,1,1,85.121,102.045825093106,89.9681814489347
85.721,0,0,104,0,True,1,1,85.44,103.512801372016,89.9690376863448
86.041,0,0,104,0,True,1,1,85.76,104.470989112103,89.9640588032459
86.401,0,0,104,0,True,1,1,86.12,100.935412961924,89.9538126068811
86.721,0,0,104,0,True,1,1,86.44,101.448549776619,89.9535358753013
86.961,0,0,104,0,True,1,1,86.68,104.010350648969,89.9426244724431
87.121,0,0,104,0,True,1,1,86.84,105.390136892945,89.937672395838
87.321,0,0,104,0,True,1,1,87.04,103.747578875178,89.9313797904142
87.521,0,0,104,0,True,1,1,87.24,101.547231538242,89.921507847472
87.801,0,0,104,0,True,1,1,87.52,103.909977726588,89.9101311116254
87.961,0,0,104,0,True,1,1,87.68,101.854979834286,89.8965771261366
88.201,0,0,104,0,True,1,1,87.92,102.659816636023,89.8902967276284
